id,duration,timeLoss,departLane
v12,50.00,11.42,E3_0
v11,53.00,14.58,E3_0
v26,55.00,16.59,E7_0
v14,46.00,7.31,E3_0
v27,52.00,13.15,E7_0
v13,49.00,10.65,E3_0
v28,51.00,12.63,E7_0
v15,45.00,6.06,E3_0
v29,48.00,9.44,E7_0
v30,47.00,8.31,E7_0
v2,78.00,42.75,E1_0
v1,81.00,45.85,E1_0
v17,79.00,44.59,E5_0
v16,82.00,47.53,E5_0
v3,76.00,41.47,E1_0
v4,74.00,38.81,E1_0
v6,69.00,34.56,E1_0
v19,75.00,40.32,E5_0
v18,78.00,43.20,E5_0
v5,72.00,37.13,E1_0
v8,65.00,30.38,E1_0
v21,71.00,36.32,E5_0
v20,74.00,39.29,E5_0
v7,68.00,32.95,E1_0
v10,61.00,26.17,E1_0
v23,68.00,33.18,E5_0
v22,71.00,36.00,E5_0
v9,64.00,28.81,E1_0
v25,63.00,27.99,E5_0
v24,66.00,31.17,E5_0
v42,48.00,9.72,E3_0
v41,52.00,13.11,E3_0
v44,44.00,5.71,E3_0
v57,50.00,11.58,E7_0
v56,53.00,14.15,E7_0
v58,48.00,9.93,E7_0
v43,48.00,9.16,E3_0
v45,43.00,4.73,E3_0
v59,46.00,7.30,E7_0
v60,44.00,5.60,E7_0
v32,75.00,40.00,E1_0
v31,79.00,43.81,E1_0
v46,80.00,45.66,E5_0
v34,71.00,36.12,E1_0
v47,78.00,42.75,E5_0
v33,75.00,40.02,E1_0
v49,73.00,38.49,E5_0
v48,76.00,41.70,E5_0
v36,67.00,32.06,E1_0
v35,71.00,36.29,E1_0
v51,69.00,34.26,E5_0
v38,63.00,28.26,E1_0
v50,73.00,37.85,E5_0
v37,67.00,32.07,E1_0
v53,65.00,30.09,E5_0
v40,59.00,23.94,E1_0
v52,69.00,33.84,E5_0
v39,63.00,28.03,E1_0
v55,61.00,26.28,E5_0
v54,64.00,29.50,E5_0
v72,45.00,6.35,E3_0
v86,50.00,11.81,E7_0
v71,50.00,11.39,E3_0
v73,44.00,5.20,E3_0
v87,47.00,8.39,E7_0
v74,43.00,4.70,E3_0
v88,46.00,7.53,E7_0
v89,44.00,5.30,E7_0
v90,44.00,5.58,E7_0
v75,44.00,5.11,E3_0
v62,73.00,38.18,E1_0
v61,76.00,41.56,E1_0
v77,75.00,40.30,E5_0
v76,78.00,42.80,E5_0
v63,72.00,37.44,E1_0
v64,70.00,34.98,E1_0
v78,73.00,38.51,E5_0
v66,65.00,30.73,E1_0
v79,71.00,36.07,E5_0
v65,68.00,33.48,E1_0
v80,69.00,34.66,E5_0
v68,61.00,26.52,E1_0
v81,67.00,32.19,E5_0
v67,64.00,29.31,E1_0
v82,65.00,30.50,E5_0
v70,57.00,22.48,E1_0
v83,63.00,28.05,E5_0
v84,61.00,26.50,E5_0
v69,61.00,25.89,E1_0
v85,59.00,24.01,E5_0
v117,44.00,5.55,E7_0
v101,47.00,8.02,E3_0
v102,44.00,4.97,E3_0
v116,49.00,10.34,E7_0
v103,43.00,4.87,E3_0
v118,44.00,5.51,E7_0
v104,43.00,4.51,E3_0
v119,44.00,5.15,E7_0
v120,43.00,4.56,E7_0
v105,43.00,4.23,E3_0
v92,71.00,36.65,E1_0
v91,74.00,39.69,E1_0
v107,72.00,37.69,E5_0
v106,76.00,41.12,E5_0
v93,70.00,35.43,E1_0
v94,68.00,32.86,E1_0
v109,69.00,33.98,E5_0
v108,72.00,37.47,E5_0
v95,66.00,31.70,E1_0
v96,64.00,29.11,E1_0
v111,65.00,29.97,E5_0
v110,68.00,33.40,E5_0
v97,62.00,27.43,E1_0
v98,60.00,24.88,E1_0
v100,55.00,20.71,E1_0
v113,61.00,25.90,E5_0
v112,64.00,29.26,E5_0
v99,58.00,23.37,E1_0
v115,56.00,21.68,E5_0
v114,60.00,25.40,E5_0
v131,44.00,5.05,E3_0
v146,45.00,6.07,E7_0
v147,43.00,4.78,E7_0
v132,44.00,5.28,E3_0
v133,43.00,4.51,E3_0
v148,44.00,5.10,E7_0
v134,42.00,3.84,E3_0
v149,43.00,4.49,E7_0
v135,43.00,4.54,E3_0
v150,44.00,5.05,E7_0
v122,69.00,34.29,E1_0
v136,73.00,38.70,E5_0
v121,73.00,38.15,E1_0
v124,65.00,30.43,E1_0
v137,71.00,36.24,E5_0
v123,69.00,34.00,E1_0
v126,61.00,26.45,E1_0
v139,67.00,32.22,E5_0
v138,70.00,34.90,E5_0
v125,64.00,29.70,E1_0
v128,57.00,22.69,E1_0
v141,63.00,28.28,E5_0
v140,66.00,30.96,E5_0
v127,60.00,25.48,E1_0
v142,61.00,26.79,E5_0
v130,53.00,18.48,E1_0
v143,59.00,24.01,E5_0
v129,56.00,21.31,E1_0
v145,54.00,19.71,E5_0
v144,58.00,22.98,E5_0
v161,43.00,4.62,E3_0
v176,44.00,5.25,E7_0
v177,43.00,4.20,E7_0
v162,44.00,5.28,E3_0
v178,43.00,4.60,E7_0
v163,43.00,4.57,E3_0
v179,44.00,4.97,E7_0
v164,44.00,5.15,E3_0
v165,43.00,4.35,E3_0
v180,44.00,4.94,E7_0
v152,67.00,32.69,E1_0
v151,71.00,35.96,E1_0
v167,69.00,34.71,E5_0
v166,72.00,37.14,E5_0
v154,64.00,28.76,E1_0
v153,67.00,31.90,E1_0
v169,65.00,30.59,E5_0
v156,59.00,24.65,E1_0
v168,68.00,33.21,E5_0
v155,63.00,28.00,E1_0
v171,61.00,26.49,E5_0
v158,55.00,20.50,E1_0
v170,64.00,29.21,E5_0
v157,58.00,23.64,E1_0
v173,57.00,22.33,E5_0
v160,51.00,16.41,E1_0
v172,60.00,25.13,E5_0
v159,54.00,19.47,E1_0
v175,53.00,18.12,E5_0
v174,56.00,21.00,E5_0
v191,44.00,5.00,E3_0
v206,44.00,5.24,E7_0
v192,44.00,5.28,E3_0
v207,44.00,5.04,E7_0
v208,43.00,4.83,E7_0
v193,44.00,5.35,E3_0
v209,43.00,4.62,E7_0
v194,44.00,5.75,E3_0
v210,43.00,4.53,E7_0
v182,65.00,30.48,E1_0
v181,68.00,33.52,E1_0
v184,61.00,26.45,E1_0
v197,67.00,31.84,E5_0
v196,70.00,34.85,E5_0
v183,64.00,29.46,E1_0
v186,56.00,21.60,E1_0
v199,62.00,27.16,E5_0
v198,65.00,30.10,E5_0
v185,60.00,25.39,E1_0
v188,52.00,17.67,E1_0
v201,58.00,23.46,E5_0
v200,61.00,25.98,E5_0
v187,55.00,20.30,E1_0
v190,48.00,13.60,E1_0
v203,54.00,19.15,E5_0
v202,57.00,21.82,E5_0
v189,51.00,16.11,E1_0
v204,53.00,18.59,E5_0
v205,51.00,16.06,E5_0
v195,88.00,49.29,E3_0
v236,43.00,4.71,E7_0
v221,43.00,4.51,E3_0
v237,44.00,5.29,E7_0
v222,44.00,4.96,E3_0
v238,43.00,4.76,E7_0
v223,44.00,4.96,E3_0
v224,43.00,4.81,E3_0
v239,44.00,5.15,E7_0
v211,66.00,31.71,E1_0
v212,64.00,29.05,E1_0
v227,65.00,30.65,E5_0
v226,68.00,33.12,E5_0
v213,62.00,27.66,E1_0
v214,60.00,24.87,E1_0
v216,55.00,20.67,E1_0
v229,61.00,26.42,E5_0
v228,64.00,28.91,E5_0
v215,58.00,23.39,E1_0
v218,51.00,16.41,E1_0
v231,57.00,22.61,E5_0
v230,60.00,24.91,E5_0
v217,54.00,19.48,E1_0
v220,47.00,12.41,E1_0
v233,53.00,18.40,E5_0
v232,56.00,20.79,E5_0
v219,50.00,15.31,E1_0
v234,51.00,16.60,E5_0
v235,49.00,14.18,E5_0
v225,85.00,46.77,E3_0
v240,87.00,48.15,E7_0
v266,43.00,4.50,E7_0
v251,43.00,4.28,E3_0
v252,43.00,4.82,E3_0
v267,44.00,4.97,E7_0
v253,43.00,4.85,E3_0
v268,44.00,5.44,E7_0
v241,64.00,29.14,E1_0
v242,62.00,27.38,E1_0
v257,63.00,28.03,E5_0
v243,60.00,25.14,E1_0
v244,58.00,23.55,E1_0
v256,67.00,31.80,E5_0
v259,59.00,24.51,E5_0
v258,62.00,27.66,E5_0
v245,56.00,21.08,E1_0
v246,54.00,19.38,E1_0
v261,55.00,20.25,E5_0
v260,58.00,23.52,E5_0
v247,52.00,17.67,E1_0
v248,50.00,15.11,E1_0
v263,51.00,16.15,E5_0
v262,54.00,19.34,E5_0
v249,48.00,13.53,E1_0
v250,46.00,10.98,E1_0
v265,47.00,12.01,E5_0
v264,50.00,15.19,E5_0
v255,83.00,44.68,E3_0
v254,87.00,48.49,E3_0
v270,85.00,46.25,E7_0
v269,88.00,49.30,E7_0
v281,44.00,4.99,E3_0
v296,44.00,4.96,E7_0
v297,43.00,4.64,E7_0
v282,44.00,5.58,E3_0
v298,44.00,5.27,E7_0
v271,62.00,27.48,E1_0
v272,60.00,24.81,E1_0
v287,61.00,26.65,E5_0
v286,64.00,29.09,E5_0
v273,58.00,23.55,E1_0
v274,56.00,20.92,E1_0
v289,57.00,22.45,E5_0
v288,60.00,25.39,E5_0
v275,54.00,19.41,E1_0
v276,52.00,16.82,E1_0
v278,47.00,12.57,E1_0
v291,53.00,18.25,E5_0
v290,56.00,21.07,E5_0
v277,50.00,15.18,E1_0
v280,42.00,7.48,E1_0
v293,49.00,14.09,E5_0
v292,52.00,17.09,E5_0
v279,46.00,10.97,E1_0
v295,45.00,9.86,E5_0
v294,48.00,12.93,E5_0
v284,84.00,45.74,E3_0
v283,88.00,49.80,E3_0
v300,83.00,43.91,E7_0
v299,86.00,47.24,E7_0
v285,84.00,45.45,E3_0
v311,43.00,4.81,E3_0
v326,43.00,4.62,E7_0
v327,43.00,4.38,E7_0
v312,44.00,5.38,E3_0
v301,60.00,25.27,E1_0
v302,58.00,23.01,E1_0
v317,59.00,24.21,E5_0
v316,62.00,27.55,E5_0
v303,56.00,21.42,E1_0
v304,54.00,19.02,E1_0
v319,55.00,20.63,E5_0
v318,58.00,23.35,E5_0
v305,52.00,17.29,E1_0
v306,50.00,14.78,E1_0
v308,45.00,10.53,E1_0
v321,51.00,16.59,E5_0
v320,54.00,19.12,E5_0
v307,48.00,13.25,E1_0
v310,41.00,6.29,E1_0
v323,47.00,12.39,E5_0
v322,50.00,15.03,E5_0
v309,44.00,8.98,E1_0
v325,43.00,8.06,E5_0
v324,46.00,10.87,E5_0
v314,82.00,43.61,E3_0
v313,85.00,46.30,E3_0
v329,84.00,45.55,E7_0
v328,87.00,48.18,E7_0
v315,81.00,42.61,E3_0
v330,83.00,44.35,E7_0
v356,44.00,5.01,E7_0
v341,45.00,5.96,E3_0
v332,55.00,20.24,E1_0
v331,58.00,23.72,E1_0
v334,51.00,16.00,E1_0
v347,57.00,22.25,E5_0
v346,60.00,25.33,E5_0
v333,54.00,19.53,E1_0
v336,47.00,12.07,E1_0
v349,53.00,18.54,E5_0
v348,56.00,21.21,E5_0
v335,50.00,15.40,E1_0
v338,43.00,8.08,E1_0
v351,49.00,14.55,E5_0
v350,52.00,17.16,E5_0
v337,46.00,11.28,E1_0
v340,39.00,4.11,E1_0
v353,45.00,10.36,E5_0
v352,48.00,13.30,E5_0
v339,42.00,7.20,E1_0
v355,41.00,6.06,E5_0
v354,44.00,9.21,E5_0
v343,83.00,44.73,E3_0
v342,87.00,48.24,E3_0
v358,85.00,46.32,E7_0
v357,88.00,49.43,E7_0
v345,80.00,41.29,E3_0
v344,83.00,44.12,E3_0
v360,81.00,42.57,E7_0
v359,84.00,45.45,E7_0
v386,44.00,5.46,E7_0
v362,53.00,18.15,E1_0
v361,56.00,21.66,E1_0
v377,55.00,19.82,E5_0
v376,58.00,23.21,E5_0
v363,52.00,17.48,E1_0
v364,50.00,15.02,E1_0
v379,51.00,16.49,E5_0
v378,54.00,19.02,E5_0
v365,48.00,13.50,E1_0
v366,46.00,10.89,E1_0
v368,41.00,6.70,E1_0
v381,47.00,12.07,E5_0
v380,50.00,15.20,E5_0
v367,44.00,9.36,E1_0
v383,43.00,7.98,E5_0
v382,46.00,10.88,E5_0
v369,40.00,5.30,E1_0
v384,41.00,6.65,E5_0
v385,40.00,4.87,E5_0
v370,40.00,4.97,E1_0
v372,85.00,46.56,E3_0
v371,88.00,49.80,E3_0
v388,84.00,44.91,E7_0
v374,81.00,42.25,E3_0
v387,87.00,48.29,E7_0
v390,79.00,40.67,E7_0
v373,85.00,46.32,E3_0
v389,83.00,44.17,E7_0
v375,81.00,42.39,E3_0
v392,51.00,16.62,E1_0
v391,55.00,19.76,E1_0
v394,47.00,12.72,E1_0
v407,53.00,18.21,E5_0
v406,56.00,21.14,E5_0
v393,50.00,15.57,E1_0
v396,43.00,8.59,E1_0
v409,49.00,14.40,E5_0
v408,52.00,17.16,E5_0
v395,46.00,11.49,E1_0
v398,39.00,4.74,E1_0
v411,45.00,10.27,E5_0
v410,48.00,13.40,E5_0
v397,42.00,7.32,E1_0
v413,41.00,6.08,E5_0
v412,44.00,9.07,E5_0
v399,39.00,4.69,E1_0
v414,40.00,4.93,E5_0
v400,39.00,4.47,E1_0
v415,40.00,4.90,E5_0
v401,86.00,47.81,E3_0
v402,84.00,44.97,E3_0
v404,79.00,40.76,E3_0
v417,85.00,46.59,E7_0
v416,88.00,49.11,E7_0
v403,83.00,44.52,E3_0
v405,78.00,39.56,E3_0
v419,81.00,42.28,E7_0
v418,84.00,45.11,E7_0
v420,80.00,41.11,E7_0
v421,52.00,17.42,E1_0
v422,50.00,15.30,E1_0
v437,51.00,16.39,E5_0
v436,54.00,19.27,E5_0
v423,48.00,13.59,E1_0
v424,46.00,11.23,E1_0
v439,47.00,12.46,E5_0
v438,50.00,15.31,E5_0
v426,42.00,7.00,E1_0
v425,46.00,10.90,E1_0
v441,43.00,8.38,E5_0
v440,46.00,11.22,E5_0
v427,40.00,5.58,E1_0
v443,39.00,4.56,E5_0
v442,42.00,6.97,E5_0
v428,39.00,4.48,E1_0
v444,39.00,4.03,E5_0
v429,39.00,4.53,E1_0
v445,40.00,5.44,E5_0
v432,81.00,42.04,E3_0
v431,84.00,44.99,E3_0
v447,82.00,43.07,E7_0
v446,85.00,45.95,E7_0
v434,77.00,38.61,E3_0
v433,80.00,41.22,E3_0
v449,78.00,39.03,E7_0
v448,81.00,41.92,E7_0
v435,76.00,37.29,E3_0
v450,77.00,38.04,E7_0
v430,83.00,48.34,E1_0
v451,51.00,15.90,E1_0
v467,49.00,14.19,E5_0
v466,52.00,16.84,E5_0
v452,49.00,14.06,E1_0
v453,47.00,11.93,E1_0
v468,47.00,12.67,E5_0
v470,42.00,7.09,E5_0
v454,45.00,9.98,E1_0
v455,43.00,7.91,E1_0
v471,40.00,5.57,E5_0
v456,40.00,5.63,E1_0
v469,47.00,12.02,E5_0
v472,39.00,4.52,E5_0
v457,40.00,4.98,E1_0
v473,39.00,4.46,E5_0
v458,39.00,4.61,E1_0
v474,39.00,4.63,E5_0
v459,40.00,5.14,E1_0
v462,78.00,39.84,E3_0
v461,82.00,43.28,E3_0
v464,74.00,35.64,E3_0
v477,80.00,41.28,E7_0
v476,83.00,44.21,E7_0
v463,78.00,39.29,E3_0
v479,76.00,37.55,E7_0
v478,79.00,40.14,E7_0
v465,74.00,35.02,E3_0
v480,74.00,34.94,E7_0
v481,48.00,13.68,E1_0
v460,82.00,46.80,E1_0
v483,44.00,9.49,E1_0
v496,50.00,15.18,E5_0
v475,83.00,47.76,E5_0
v482,47.00,12.71,E1_0
v485,40.00,5.44,E1_0
v498,46.00,11.06,E5_0
v497,49.00,14.10,E5_0
v484,43.00,8.44,E1_0
v500,42.00,6.90,E5_0
v499,45.00,10.01,E5_0
v486,39.00,4.44,E1_0
v501,40.00,5.70,E5_0
v502,39.00,4.65,E5_0
v487,39.00,4.46,E1_0
v503,39.00,4.32,E5_0
v488,39.00,4.24,E1_0
v492,76.00,37.80,E3_0
v491,79.00,40.84,E3_0
v506,81.00,42.32,E7_0
v493,75.00,36.69,E3_0
v507,79.00,40.12,E7_0
v494,73.00,34.06,E3_0
v508,77.00,38.37,E7_0
v495,71.00,32.67,E3_0
v509,75.00,35.93,E7_0
v510,73.00,34.23,E7_0
v490,80.00,45.03,E1_0
v489,83.00,48.13,E1_0
v504,84.00,49.45,E5_0
v505,82.00,46.86,E5_0
v512,46.00,10.91,E1_0
v511,49.00,13.96,E1_0
v514,41.00,6.53,E1_0
v526,50.00,15.45,E5_0
v527,48.00,13.36,E5_0
v513,45.00,9.80,E1_0
v528,46.00,11.30,E5_0
v515,40.00,5.50,E1_0
v529,44.00,9.14,E5_0
v530,42.00,7.16,E5_0
v516,39.00,4.48,E1_0
v531,40.00,5.06,E5_0
v532,39.00,4.47,E5_0
v517,39.00,4.22,E1_0
v533,39.00,4.44,E5_0
v521,77.00,38.68,E3_0
v522,75.00,36.19,E3_0
v537,76.00,37.24,E7_0
v536,79.00,40.35,E7_0
v523,73.00,34.64,E3_0
v524,71.00,32.06,E3_0
v539,72.00,33.15,E7_0
v538,75.00,36.47,E7_0
v525,69.00,30.44,E3_0
v540,71.00,32.14,E7_0
v519,80.00,45.66,E1_0
v518,84.00,49.19,E1_0
v535,79.00,44.35,E5_0
v541,46.00,11.49,E1_0
v534,82.00,47.13,E5_0
v520,80.00,45.05,E1_0
v557,45.00,10.14,E5_0
v543,42.00,7.41,E1_0
v542,46.00,10.85,E1_0
v556,49.00,14.10,E5_0
v559,41.00,5.98,E5_0
v544,41.00,6.17,E1_0
v558,45.00,9.89,E5_0
v545,40.00,4.93,E1_0
v560,40.00,5.50,E5_0
v546,39.00,4.26,E1_0
v561,39.00,4.26,E5_0
v547,40.00,5.28,E1_0
v562,40.00,4.89,E5_0
v552,73.00,34.09,E3_0
v551,76.00,36.92,E3_0
v554,68.00,29.77,E3_0
v567,74.00,35.09,E7_0
v566,77.00,38.40,E7_0
v553,72.00,32.89,E3_0
v569,70.00,30.94,E7_0
v568,74.00,35.16,E7_0
v555,68.00,29.05,E3_0
v570,69.00,30.11,E7_0
v549,78.00,43.36,E1_0
v548,82.00,46.73,E1_0
v571,44.00,9.22,E1_0
v564,80.00,45.65,E5_0
v563,83.00,48.31,E5_0
v550,77.00,42.46,E1_0
v573,40.00,5.17,E1_0
v586,46.00,11.53,E5_0
v565,79.00,44.21,E5_0
v572,43.00,8.56,E1_0
v574,39.00,4.44,E1_0
v588,42.00,7.33,E5_0
v587,45.00,10.04,E5_0
v589,41.00,5.92,E5_0
v590,39.00,4.64,E5_0
v575,39.00,4.29,E1_0
v576,39.00,4.67,E1_0
v591,40.00,4.97,E5_0
v581,73.00,34.80,E3_0
v582,71.00,32.29,E3_0
v597,72.00,33.17,E7_0
v596,75.00,35.99,E7_0
v583,69.00,30.79,E3_0
v584,67.00,28.02,E3_0
v599,68.00,29.61,E7_0
v585,65.00,26.63,E3_0
v598,72.00,33.03,E7_0
v600,67.00,28.52,E7_0
v577,82.00,47.51,E1_0
v578,80.00,44.91,E1_0
v593,81.00,45.94,E5_0
v592,84.00,49.48,E5_0
v579,78.00,43.39,E1_0
v580,76.00,40.91,E1_0
v602,41.00,6.69,E1_0
v595,77.00,41.77,E5_0
v594,80.00,45.31,E5_0
v601,44.00,9.36,E1_0
v617,43.00,7.84,E5_0
v616,46.00,11.15,E5_0
v603,40.00,5.30,E1_0
v618,42.00,6.83,E5_0
v619,39.00,4.65,E5_0
v604,39.00,4.50,E1_0
v620,40.00,4.81,E5_0
v605,40.00,5.10,E1_0
v621,40.00,5.18,E5_0
v611,71.00,32.67,E3_0
v612,69.00,29.89,E3_0
v627,70.00,31.45,E7_0
v626,73.00,34.17,E7_0
v613,67.00,28.76,E3_0
v614,65.00,26.20,E3_0
v629,66.00,27.34,E7_0
v628,69.00,30.66,E7_0
v615,63.00,24.59,E3_0
v630,65.00,26.28,E7_0
v607,80.00,45.35,E1_0
v623,78.00,43.59,E5_0
v606,84.00,48.78,E1_0
v609,76.00,41.30,E1_0
v608,79.00,44.53,E1_0
v622,83.00,48.32,E5_0
v625,74.00,39.63,E5_0
v631,42.00,7.06,E1_0
v610,75.00,40.31,E1_0
v624,79.00,44.13,E5_0
v632,40.00,5.73,E1_0
v647,41.00,5.86,E5_0
v646,45.00,9.87,E5_0
v633,39.00,4.68,E1_0
v648,40.00,5.00,E5_0
v649,39.00,4.07,E5_0
v634,39.00,4.68,E1_0
v650,39.00,4.59,E5_0
v642,67.00,27.98,E3_0
v641,70.00,30.92,E3_0
v644,61.00,22.81,E3_0
v657,68.00,28.97,E7_0
v656,71.00,32.28,E7_0
v643,64.00,25.85,E3_0
v659,64.00,24.99,E7_0
v658,67.00,28.38,E7_0
v645,60.00,21.68,E3_0
v660,63.00,24.15,E7_0
v636,82.00,46.86,E1_0
v635,85.00,49.97,E1_0
v652,80.00,45.08,E5_0
v638,77.00,42.57,E1_0
v651,83.00,48.74,E5_0
v637,80.00,45.66,E1_0
v654,76.00,41.31,E5_0
v640,73.00,38.42,E1_0
v653,79.00,44.66,E5_0
v639,76.00,41.39,E1_0
v676,42.00,7.19,E5_0
v662,39.00,4.42,E1_0
v655,75.00,40.41,E5_0
v661,42.00,7.26,E1_0
v677,41.00,6.13,E5_0
v678,40.00,5.14,E5_0
v663,40.00,5.09,E1_0
v679,39.00,4.48,E5_0
v664,39.00,4.74,E1_0
v672,65.00,26.57,E3_0
v671,68.00,29.27,E3_0
v687,66.00,27.64,E7_0
v686,69.00,30.23,E7_0
v674,61.00,22.83,E3_0
v673,64.00,25.19,E3_0
v689,62.00,23.68,E7_0
v688,65.00,26.26,E7_0
v675,60.00,21.20,E3_0
v690,61.00,22.28,E7_0
v665,82.00,47.58,E1_0
v666,80.00,45.22,E1_0
v681,81.00,46.48,E5_0
v680,84.00,48.76,E5_0
v667,78.00,43.59,E1_0
v668,76.00,41.13,E1_0
v682,79.00,44.55,E5_0
v683,77.00,42.28,E5_0
v669,74.00,39.51,E1_0
v670,72.00,37.04,E1_0
v684,75.00,40.43,E5_0
v685,73.00,38.01,E5_0
v691,40.00,5.46,E1_0
v706,41.00,6.34,E5_0
v692,39.00,4.30,E1_0
v707,40.00,5.37,E5_0
v693,39.00,4.39,E1_0
v708,40.00,4.88,E5_0
v709,39.00,4.45,E5_0
v701,66.00,27.26,E3_0
v702,63.00,24.26,E3_0
v717,64.00,25.45,E7_0
v716,67.00,28.35,E7_0
v703,62.00,22.96,E3_0
v704,59.00,20.00,E3_0
v705,57.00,18.78,E3_0
v719,60.00,21.83,E7_0
v718,63.00,24.16,E7_0
v720,59.00,20.00,E7_0
v694,83.00,48.12,E1_0
v695,81.00,46.04,E1_0
v711,79.00,44.13,E5_0
v710,82.00,46.93,E5_0
v696,79.00,44.04,E1_0
v697,77.00,41.98,E1_0
v712,77.00,42.63,E5_0
v713,75.00,40.10,E5_0
v698,75.00,40.30,E1_0
v699,73.00,37.88,E1_0
v714,73.00,38.42,E5_0
v715,71.00,36.01,E5_0
v700,71.00,36.04,E1_0
v736,39.00,4.51,E5_0
v721,39.00,4.74,E1_0
v737,39.00,4.40,E5_0
v722,39.00,4.55,E1_0
v738,40.00,4.83,E5_0
v723,40.00,5.39,E1_0
v731,63.00,24.61,E3_0
v732,61.00,22.23,E3_0
v747,62.00,22.96,E7_0
v746,65.00,26.40,E7_0
v733,59.00,20.67,E3_0
v734,57.00,18.34,E3_0
v749,58.00,19.25,E7_0
v748,61.00,22.58,E7_0
v735,55.00,16.65,E3_0
v750,57.00,17.96,E7_0
v725,79.00,44.26,E1_0
v724,82.00,47.44,E1_0
v739,84.00,49.61,E5_0
v727,75.00,40.04,E1_0
v740,81.00,46.02,E5_0
v726,79.00,43.94,E1_0
v729,71.00,36.11,E1_0
v742,77.00,41.91,E5_0
v741,81.00,46.03,E5_0
v728,75.00,39.90,E1_0
v730,70.00,35.01,E1_0
v744,73.00,38.03,E5_0
v743,77.00,41.95,E5_0
v745,71.00,36.72,E5_0
v751,39.00,4.44,E1_0
v766,40.00,5.16,E5_0
v767,39.00,4.50,E5_0
v752,39.00,4.63,E1_0
v762,59.00,20.46,E3_0
v761,62.00,23.08,E3_0
v777,60.00,21.24,E7_0
v776,63.00,24.67,E7_0
v764,55.00,16.32,E3_0
v763,58.00,19.45,E3_0
v779,56.00,16.98,E7_0
v778,59.00,20.62,E7_0
v765,54.00,15.20,E3_0
v780,55.00,16.48,E7_0
v753,84.00,49.36,E1_0
v754,81.00,45.81,E1_0
v769,82.00,47.19,E5_0
v768,85.00,50.43,E5_0
v755,80.00,45.17,E1_0
v756,77.00,42.37,E1_0
v771,78.00,42.95,E5_0
v770,81.00,46.47,E5_0
v757,76.00,41.23,E1_0
v758,73.00,38.23,E1_0
v773,74.00,39.19,E5_0
v772,77.00,42.25,E5_0
v759,72.00,37.10,E1_0
v760,69.00,33.91,E1_0
v775,70.00,35.19,E5_0
v774,73.00,38.01,E5_0
v781,39.00,4.55,E1_0
v796,39.00,4.49,E5_0
v797,39.00,4.26,E5_0
v791,59.00,20.79,E3_0
v792,57.00,18.15,E3_0
v807,58.00,19.74,E7_0
v806,61.00,22.18,E7_0
v793,55.00,16.64,E3_0
v794,53.00,13.96,E3_0
v809,54.00,15.69,E7_0
v808,57.00,18.08,E7_0
v795,51.00,12.48,E3_0
v810,52.00,13.75,E7_0
v783,81.00,46.04,E1_0
v782,84.00,48.99,E1_0
v799,79.00,44.13,E5_0
v798,82.00,47.63,E5_0
v785,77.00,42.26,E1_0
v784,80.00,44.95,E1_0
v801,75.00,40.24,E5_0
v800,78.00,43.35,E5_0
v787,73.00,38.27,E1_0
v786,76.00,40.78,E1_0
v803,71.00,36.10,E5_0
v802,74.00,39.18,E5_0
v788,71.00,36.64,E1_0
v789,69.00,34.14,E1_0
v805,67.00,32.09,E5_0
v804,70.00,35.13,E5_0
v790,68.00,32.80,E1_0
v826,39.00,4.44,E5_0
v811,39.00,4.58,E1_0
v822,54.00,15.86,E3_0
v821,57.00,18.61,E3_0
v824,50.00,11.58,E3_0
v837,56.00,17.58,E7_0
v836,59.00,20.63,E7_0
v823,53.00,14.70,E3_0
v839,52.00,13.47,E7_0
v838,55.00,16.50,E7_0
v825,49.00,10.50,E3_0
v840,51.00,12.23,E7_0
v813,78.00,43.44,E1_0
v812,82.00,47.02,E1_0
v828,80.00,45.33,E5_0
v827,83.00,47.83,E5_0
v815,75.00,40.10,E1_0
v814,78.00,43.14,E1_0
v830,76.00,41.25,E5_0
v829,79.00,43.82,E5_0
v817,71.00,36.01,E1_0
v831,74.00,39.55,E5_0
v816,74.00,38.92,E1_0
v832,72.00,37.11,E5_0
v818,69.00,34.65,E1_0
v819,67.00,31.93,E1_0
v833,70.00,35.42,E5_0
v834,68.00,33.15,E5_0
v820,65.00,30.47,E1_0
v835,66.00,31.28,E5_0
v852,53.00,14.12,E3_0
v867,53.00,14.76,E7_0
v851,56.00,16.92,E3_0
v866,57.00,18.58,E7_0
v853,51.00,12.89,E3_0
v854,50.00,11.10,E3_0
v869,49.00,10.86,E7_0
v868,53.00,14.45,E7_0
v855,49.00,10.14,E3_0
v870,49.00,10.61,E7_0
v841,83.00,48.10,E1_0
v842,80.00,45.01,E1_0
v857,81.00,46.43,E5_0
v856,84.00,48.99,E5_0
v843,79.00,44.05,E1_0
v844,76.00,40.77,E1_0
v846,71.00,36.51,E1_0
v859,77.00,42.29,E5_0
v858,80.00,45.43,E5_0
v845,75.00,40.68,E1_0
v848,67.00,32.38,E1_0
v861,73.00,38.30,E5_0
v860,76.00,41.27,E5_0
v847,71.00,36.37,E1_0
v850,62.00,27.36,E1_0
v863,69.00,34.20,E5_0
v862,72.00,37.27,E5_0
v849,66.00,31.29,E1_0
v865,65.00,30.01,E5_0
v864,68.00,33.00,E5_0
v882,50.00,11.85,E3_0
v881,54.00,15.48,E3_0
v897,52.00,12.99,E7_0
v896,55.00,16.23,E7_0
v883,50.00,11.61,E3_0
v884,47.00,8.67,E3_0
v899,48.00,8.95,E7_0
v898,51.00,12.22,E7_0
v885,46.00,7.45,E3_0
v900,46.00,7.55,E7_0
v872,77.00,42.10,E1_0
v887,79.00,44.47,E5_0
v874,73.00,38.59,E1_0
v886,82.00,47.34,E5_0
v871,82.00,46.91,E1_0
v873,77.00,42.70,E1_0
v876,69.00,34.38,E1_0
v888,78.00,43.30,E5_0
v889,76.00,40.95,E5_0
v875,73.00,38.56,E1_0
v878,65.00,30.16,E1_0
v890,74.00,39.38,E5_0
v891,72.00,36.80,E5_0
v877,69.00,34.28,E1_0
v893,67.00,32.60,E5_0
v880,61.00,26.20,E1_0
v892,70.00,35.30,E5_0
v879,65.00,30.14,E1_0
v895,63.00,28.44,E5_0
v894,66.00,31.03,E5_0
v911,51.00,12.61,E3_0
v912,49.00,10.06,E3_0
v914,44.00,5.76,E3_0
v926,53.00,14.14,E7_0
v913,47.00,8.42,E3_0
v927,51.00,11.98,E7_0
v929,46.00,7.77,E7_0
v928,49.00,9.95,E7_0
v915,43.00,4.40,E3_0
v930,44.00,5.69,E7_0
v902,75.00,40.58,E1_0
v901,78.00,43.60,E1_0
v917,77.00,42.20,E5_0
v916,80.00,45.44,E5_0
v904,72.00,36.96,E1_0
v903,75.00,39.82,E1_0
v919,73.00,38.30,E5_0
v905,70.00,35.67,E1_0
v906,68.00,32.83,E1_0
v918,77.00,41.98,E5_0
v908,63.00,28.72,E1_0
v921,69.00,34.15,E5_0
v907,66.00,31.70,E1_0
v920,73.00,37.91,E5_0
v910,59.00,24.62,E1_0
v923,65.00,29.90,E5_0
v922,68.00,33.65,E5_0
v909,62.00,27.61,E1_0
v925,60.00,25.59,E5_0
v924,64.00,29.50,E5_0
v942,44.00,5.83,E3_0
v941,50.00,11.42,E3_0
v956,50.00,11.71,E7_0
v943,44.00,5.23,E3_0
v957,47.00,8.31,E7_0
v958,46.00,7.18,E7_0
v944,44.00,4.96,E3_0
v959,44.00,5.02,E7_0
v945,44.00,5.30,E3_0
v960,44.00,5.24,E7_0
v932,73.00,38.30,E1_0
v931,76.00,41.61,E1_0
v934,69.00,34.43,E1_0
v947,75.00,40.24,E5_0
v946,78.00,43.31,E5_0
v933,73.00,38.01,E1_0
v936,65.00,30.19,E1_0
v949,71.00,36.08,E5_0
v948,74.00,39.25,E5_0
v935,69.00,33.83,E1_0
v938,61.00,26.17,E1_0
v951,67.00,31.94,E5_0
v950,70.00,35.00,E5_0
v937,64.00,29.62,E1_0
v953,62.00,27.68,E5_0
v940,56.00,21.43,E1_0
v952,66.00,31.27,E5_0
v939,59.00,24.33,E1_0
v955,58.00,23.60,E5_0
v954,62.00,27.24,E5_0
v972,43.00,4.66,E3_0
v987,44.00,5.05,E7_0
v971,47.00,8.13,E3_0
v986,49.00,10.24,E7_0
v973,43.00,4.71,E3_0
v988,44.00,5.48,E7_0
v974,43.00,4.76,E3_0
v989,44.00,5.47,E7_0
v990,43.00,4.81,E7_0
v975,43.00,4.52,E3_0
v962,71.00,36.26,E1_0
v961,75.00,39.93,E1_0
v964,67.00,32.48,E1_0
v976,76.00,41.45,E5_0
v977,74.00,38.92,E5_0
v963,71.00,35.87,E1_0
v979,69.00,34.57,E5_0
v966,63.00,28.45,E1_0
v978,72.00,37.18,E5_0
v965,66.00,31.66,E1_0
v981,65.00,30.59,E5_0
v968,59.00,24.41,E1_0
v980,68.00,33.25,E5_0
v967,62.00,27.39,E1_0
v983,61.00,26.43,E5_0
v970,55.00,20.29,E1_0
v982,64.00,29.26,E5_0
v969,58.00,23.21,E1_0
v985,57.00,22.16,E5_0
v984,60.00,25.25,E5_0
v1001,44.00,5.39,E3_0
v1016,45.00,6.81,E7_0
v1002,43.00,4.62,E3_0
v1017,44.00,5.12,E7_0
v1003,43.00,4.52,E3_0
v1018,44.00,4.91,E7_0
v1019,43.00,4.34,E7_0
v1004,43.00,4.59,E3_0
v1005,43.00,4.72,E3_0
v1020,44.00,4.94,E7_0
v991,72.00,37.51,E1_0
v992,70.00,35.20,E1_0
v1007,71.00,36.68,E5_0
v1006,74.00,39.48,E5_0
v993,68.00,33.50,E1_0
v994,66.00,31.31,E1_0
v1009,67.00,32.57,E5_0
v1008,70.00,35.41,E5_0
v995,64.00,29.72,E1_0
v996,62.00,27.19,E1_0
v1011,63.00,28.23,E5_0
v1010,66.00,31.17,E5_0
v998,58.00,22.96,E1_0
v997,61.00,25.88,E1_0
v1000,53.00,18.68,E1_0
v1013,59.00,24.23,E5_0
v1012,62.00,26.94,E5_0
v999,56.00,21.49,E1_0
v1015,55.00,20.26,E5_0
v1014,58.00,22.94,E5_0
v1031,43.00,4.68,E3_0
v1046,44.00,5.34,E7_0
v1047,43.00,4.70,E7_0
v1032,43.00,4.18,E3_0
v1048,44.00,4.94,E7_0
v1033,44.00,5.25,E3_0
v1049,43.00,4.55,E7_0
v1034,44.00,4.97,E3_0
v1035,43.00,4.62,E3_0
v1050,44.00,4.95,E7_0
v1021,70.00,35.70,E1_0
v1022,68.00,32.94,E1_0
v1037,69.00,34.03,E5_0
v1036,72.00,36.95,E5_0
v1023,66.00,31.56,E1_0
v1024,64.00,28.86,E1_0
v1026,59.00,24.62,E1_0
v1039,65.00,29.87,E5_0
v1038,68.00,32.80,E5_0
v1025,62.00,27.36,E1_0
v1028,55.00,20.33,E1_0
v1041,61.00,26.25,E5_0
v1040,64.00,29.09,E5_0
v1027,58.00,23.28,E1_0
v1030,51.00,16.52,E1_0
v1043,57.00,22.01,E5_0
v1042,60.00,25.30,E5_0
v1029,54.00,19.13,E1_0
v1045,52.00,17.68,E5_0
v1044,56.00,21.08,E5_0
v1061,44.00,5.19,E3_0
v1076,44.00,5.08,E7_0
v1062,43.00,4.76,E3_0
v1077,43.00,4.73,E7_0
v1063,43.00,4.11,E3_0
v1078,43.00,4.46,E7_0
v1064,44.00,5.40,E3_0
v1079,44.00,5.43,E7_0
v1052,65.00,30.54,E1_0
v1051,68.00,33.70,E1_0
v1054,61.00,26.46,E1_0
v1067,67.00,32.44,E5_0
v1066,70.00,35.08,E5_0
v1053,64.00,29.31,E1_0
v1056,57.00,22.27,E1_0
v1069,63.00,28.27,E5_0
v1068,66.00,30.95,E5_0
v1055,61.00,25.84,E1_0
v1058,53.00,18.09,E1_0
v1071,59.00,23.92,E5_0
v1070,62.00,26.95,E5_0
v1073,54.00,19.68,E5_0
v1057,57.00,21.89,E1_0
v1060,49.00,14.02,E1_0
v1072,58.00,22.95,E5_0
v1075,50.00,15.70,E5_0
v1074,53.00,18.62,E5_0
v1059,53.00,18.00,E1_0
v1065,88.00,49.05,E3_0
v1080,89.00,50.13,E7_0
v1106,44.00,5.02,E7_0
v1091,44.00,5.57,E3_0
v1092,43.00,4.84,E3_0
v1107,44.00,4.99,E7_0
v1093,43.00,4.33,E3_0
v1108,44.00,5.05,E7_0
v1109,43.00,4.40,E7_0
v1082,63.00,28.58,E1_0
v1081,67.00,32.04,E1_0
v1084,59.00,24.42,E1_0
v1097,65.00,30.47,E5_0
v1096,68.00,33.46,E5_0
v1083,62.00,27.73,E1_0
v1086,55.00,20.50,E1_0
v1099,61.00,26.56,E5_0
v1098,64.00,29.42,E5_0
v1085,58.00,23.44,E1_0
v1088,51.00,16.35,E1_0
v1101,57.00,22.48,E5_0
v1100,60.00,25.55,E5_0
v1087,54.00,19.36,E1_0
v1090,47.00,12.42,E1_0
v1103,53.00,18.36,E5_0
v1102,56.00,21.28,E5_0
v1089,50.00,15.13,E1_0
v1105,49.00,14.10,E5_0
v1104,52.00,17.21,E5_0
v1095,85.00,46.55,E3_0
v1094,88.00,49.79,E3_0
v1110,87.00,48.21,E7_0
v1136,43.00,4.54,E7_0
v1121,44.00,5.02,E3_0
v1137,43.00,4.46,E7_0
v1122,43.00,4.80,E3_0
v1138,44.00,5.16,E7_0
v1112,61.00,26.64,E1_0
v1111,65.00,29.90,E1_0
v1127,63.00,28.39,E5_0
v1126,66.00,30.92,E5_0
v1113,60.00,25.70,E1_0
v1114,58.00,22.80,E1_0
v1129,59.00,24.29,E5_0
v1128,62.00,27.50,E5_0
v1115,56.00,21.46,E1_0
v1116,54.00,18.83,E1_0
v1131,55.00,20.10,E5_0
v1117,52.00,17.23,E1_0
v1118,50.00,15.08,E1_0
v1130,59.00,23.91,E5_0
v1133,51.00,15.82,E5_0
v1119,48.00,13.08,E1_0
v1120,46.00,11.05,E1_0
v1135,46.00,11.68,E5_0
v1132,55.00,19.90,E5_0
v1134,50.00,15.72,E5_0
v1124,87.00,48.81,E3_0
v1140,84.00,45.77,E7_0
v1123,90.00,51.13,E3_0
v1139,88.00,49.44,E7_0
v1125,86.00,46.93,E3_0
v1166,44.00,5.35,E7_0
v1151,44.00,5.20,E3_0
v1167,44.00,5.34,E7_0
v1152,44.00,4.97,E3_0
v1168,44.00,4.97,E7_0
v1141,62.00,27.41,E1_0
v1142,60.00,24.98,E1_0
v1144,55.00,20.73,E1_0
v1157,61.00,26.16,E5_0
v1156,64.00,29.11,E5_0
v1143,58.00,23.69,E1_0
v1146,51.00,16.60,E1_0
v1159,57.00,21.87,E5_0
v1158,60.00,25.41,E5_0
v1145,54.00,19.40,E1_0
v1148,47.00,12.43,E1_0
v1161,53.00,17.85,E5_0
v1160,56.00,21.16,E5_0
v1147,50.00,15.42,E1_0
v1150,43.00,8.25,E1_0
v1163,48.00,12.94,E5_0
v1162,51.00,16.03,E5_0
v1149,46.00,11.21,E1_0
v1165,43.00,8.72,E5_0
v1164,46.00,11.73,E5_0
v1154,84.00,45.49,E3_0
v1153,88.00,49.24,E3_0
v1170,83.00,44.46,E7_0
v1169,86.00,47.01,E7_0
v1155,84.00,45.02,E3_0
v1196,43.00,4.56,E7_0
v1181,44.00,4.98,E3_0
v1197,43.00,4.71,E7_0
v1171,60.00,25.63,E1_0
v1172,58.00,23.34,E1_0
v1187,59.00,24.37,E5_0
v1186,62.00,27.26,E5_0
v1173,56.00,21.51,E1_0
v1174,54.00,19.09,E1_0
v1189,55.00,20.14,E5_0
v1188,58.00,23.39,E5_0
v1175,52.00,17.31,E1_0
v1176,50.00,14.90,E1_0
v1178,45.00,10.70,E1_0
v1191,51.00,16.16,E5_0
v1190,54.00,19.35,E5_0
v1177,48.00,13.48,E1_0
v1180,41.00,6.43,E1_0
v1193,47.00,11.90,E5_0
v1192,50.00,15.19,E5_0
v1179,44.00,9.22,E1_0
v1195,42.00,7.73,E5_0
v1194,46.00,11.04,E5_0
v1183,85.00,46.47,E3_0
v1182,89.00,50.05,E3_0
v1199,84.00,45.34,E7_0
v1198,87.00,48.02,E7_0
v1185,82.00,43.25,E3_0
v1184,85.00,46.33,E3_0
v1200,83.00,44.24,E7_0
v1226,43.00,4.80,E7_0
v1211,43.00,4.70,E3_0
v1201,58.00,23.24,E1_0
v1202,56.00,20.84,E1_0
v1216,60.00,25.55,E5_0
v1217,57.00,21.94,E5_0
v1203,54.00,19.10,E1_0
v1204,52.00,16.92,E1_0
v1218,56.00,21.57,E5_0
v1206,47.00,12.57,E1_0
v1219,53.00,18.48,E5_0
v1205,50.00,15.44,E1_0
v1220,52.00,17.51,E5_0
v1208,43.00,8.59,E1_0
v1221,49.00,14.33,E5_0
v1207,46.00,11.35,E1_0
v1222,48.00,13.41,E5_0
v1210,39.00,4.34,E1_0
v1223,45.00,10.54,E5_0
v1209,42.00,7.24,E1_0
v1224,44.00,9.19,E5_0
v1225,41.00,6.52,E5_0
v1213,83.00,44.65,E3_0
v1212,87.00,48.20,E3_0
v1228,85.00,46.08,E7_0
v1227,88.00,48.99,E7_0
v1214,83.00,44.00,E3_0
v1215,80.00,41.47,E3_0
v1230,81.00,42.06,E7_0
v1229,84.00,45.15,E7_0
v1232,53.00,18.63,E1_0
v1231,56.00,21.62,E1_0
v1247,54.00,19.73,E5_0
v1246,58.00,23.19,E5_0
v1234,50.00,14.84,E1_0
v1249,50.00,15.67,E5_0
v1233,53.00,17.97,E1_0
v1236,45.00,10.59,E1_0
v1248,54.00,19.08,E5_0
v1235,49.00,14.24,E1_0
v1238,41.00,6.34,E1_0
v1251,47.00,11.82,E5_0
v1250,50.00,14.93,E5_0
v1237,45.00,10.01,E1_0
v1239,40.00,5.25,E1_0
v1253,43.00,7.82,E5_0
v1252,46.00,10.97,E5_0
v1254,41.00,6.40,E5_0
v1255,39.00,4.66,E5_0
v1240,39.00,4.53,E1_0
v1242,85.00,46.82,E3_0
v1241,88.00,49.79,E3_0
v1257,87.00,48.66,E7_0
v1256,90.00,51.48,E7_0
v1243,84.00,45.75,E3_0
v1244,82.00,42.99,E3_0
v1259,83.00,44.60,E7_0
v1258,86.00,47.33,E7_0
v1245,80.00,41.43,E3_0
v1260,82.00,43.22,E7_0
v1262,52.00,17.22,E1_0
v1261,55.00,20.12,E1_0
v1277,53.00,18.15,E5_0
v1276,56.00,21.30,E5_0
v1264,48.00,13.38,E1_0
v1263,51.00,16.30,E1_0
v1279,49.00,13.99,E5_0
v1278,52.00,17.09,E5_0
v1266,44.00,9.56,E1_0
v1265,47.00,12.34,E1_0
v1281,45.00,10.22,E5_0
v1280,48.00,13.29,E5_0
v1268,40.00,5.33,E1_0
v1267,43.00,8.06,E1_0
v1283,40.00,5.16,E5_0
v1282,44.00,9.23,E5_0
v1269,40.00,4.90,E1_0
v1284,39.00,4.42,E5_0
v1270,39.00,4.09,E1_0
v1285,39.00,4.34,E5_0
v1272,83.00,44.61,E3_0
v1271,86.00,47.52,E3_0
v1274,80.00,41.65,E3_0
v1287,85.00,46.58,E7_0
v1286,88.00,49.38,E7_0
v1273,84.00,45.09,E3_0
v1289,81.00,42.43,E7_0
v1288,84.00,45.24,E7_0
v1275,80.00,41.08,E3_0
v1290,80.00,41.33,E7_0
v1292,49.00,14.72,E1_0
v1291,52.00,17.39,E1_0
v1294,45.00,10.55,E1_0
v1306,54.00,18.96,E5_0
v1293,48.00,13.42,E1_0
v1307,52.00,16.97,E5_0
v1296,41.00,6.36,E1_0
v1308,50.00,15.04,E5_0
v1295,44.00,9.32,E1_0
v1309,48.00,12.83,E5_0
v1311,43.00,8.50,E5_0
v1310,46.00,11.00,E5_0
v1297,41.00,5.84,E1_0
v1313,39.00,4.70,E5_0
v1312,42.00,6.85,E5_0
v1298,40.00,5.25,E1_0
v1314,39.00,4.45,E5_0
v1299,39.00,4.64,E1_0
v1315,40.00,5.65,E5_0
v1302,80.00,41.74,E3_0
v1301,83.00,44.38,E3_0
v1317,82.00,43.26,E7_0
v1316,85.00,46.43,E7_0
v1303,79.00,40.53,E3_0
v1304,78.00,38.94,E3_0
v1319,78.00,39.31,E7_0
v1318,81.00,42.48,E7_0
v1305,76.00,36.89,E3_0
v1320,77.00,38.47,E7_0
v1300,83.00,48.15,E1_0
v1321,51.00,15.90,E1_0
v1337,49.00,14.30,E5_0
v1323,46.00,11.70,E1_0
v1336,52.00,17.52,E5_0
v1322,50.00,15.03,E1_0
v1339,45.00,10.40,E5_0
v1338,48.00,13.52,E5_0
v1324,46.00,10.82,E1_0
v1325,43.00,7.88,E1_0
v1326,41.00,6.63,E1_0
v1341,41.00,6.08,E5_0
v1340,44.00,9.38,E5_0
v1327,39.00,4.41,E1_0
v1342,40.00,5.17,E5_0
v1343,39.00,4.73,E5_0
v1328,40.00,5.24,E1_0
v1329,39.00,4.80,E1_0
v1344,40.00,5.36,E5_0
v1332,78.00,39.79,E3_0
v1331,81.00,42.44,E3_0
v1334,74.00,35.73,E3_0
v1347,80.00,41.42,E7_0
v1346,83.00,44.42,E7_0
v1333,77.00,38.79,E3_0
v1335,73.00,34.63,E3_0
v1349,76.00,37.26,E7_0
v1348,79.00,40.15,E7_0
v1350,75.00,36.10,E7_0
v1351,49.00,13.84,E1_0
v1330,82.00,46.82,E1_0
v1353,44.00,9.59,E1_0
v1366,50.00,15.55,E5_0
v1345,83.00,48.57,E5_0
v1352,47.00,12.54,E1_0
v1355,40.00,5.57,E1_0
v1368,46.00,11.52,E5_0
v1367,49.00,14.36,E5_0
v1354,43.00,8.36,E1_0
v1370,42.00,7.47,E5_0
v1369,45.00,10.06,E5_0
v1356,39.00,4.54,E1_0
v1371,41.00,5.84,E5_0
v1372,39.00,4.64,E5_0
v1357,39.00,4.16,E1_0
v1373,39.00,4.60,E5_0
v1358,39.00,4.70,E1_0
v1362,77.00,38.23,E3_0
v1361,80.00,41.19,E3_0
v1377,78.00,39.08,E7_0
v1376,81.00,42.46,E7_0
v1364,73.00,34.02,E3_0
v1363,76.00,37.28,E3_0
v1379,74.00,35.31,E7_0
v1378,77.00,38.22,E7_0
v1365,72.00,33.22,E3_0
v1380,73.00,34.13,E7_0
v1360,79.00,44.33,E1_0
v1359,82.00,47.46,E1_0
v1375,81.00,45.89,E5_0
v1382,45.00,10.21,E1_0
v1381,48.00,13.60,E1_0
v1374,85.00,50.58,E5_0
v1397,46.00,11.66,E5_0
v1384,41.00,5.97,E1_0
v1383,44.00,9.59,E1_0
v1396,51.00,16.55,E5_0
v1385,40.00,5.00,E1_0
v1399,43.00,7.76,E5_0
v1398,47.00,12.25,E5_0
v1400,41.00,6.63,E5_0
v1401,40.00,5.13,E5_0
v1386,40.00,5.19,E1_0
v1402,39.00,4.44,E5_0
v1387,40.00,5.10,E1_0
v1403,39.00,4.35,E5_0
v1391,77.00,38.37,E3_0
v1392,75.00,36.22,E3_0
v1407,76.00,37.37,E7_0
v1406,79.00,40.29,E7_0
v1393,73.00,34.64,E3_0
v1394,71.00,32.28,E3_0
v1409,72.00,33.48,E7_0
v1408,75.00,36.33,E7_0
v1395,70.00,30.91,E3_0
v1410,72.00,33.42,E7_0
v1389,80.00,45.30,E1_0
v1388,83.00,48.47,E1_0
v1405,79.00,44.08,E5_0
v1411,46.00,11.47,E1_0
v1404,82.00,46.98,E5_0
v1390,79.00,44.69,E1_0
v1427,45.00,9.93,E5_0
v1413,42.00,7.19,E1_0
v1426,48.00,12.82,E5_0
v1412,45.00,10.56,E1_0
v1429,41.00,5.98,E5_0
v1414,41.00,6.17,E1_0
v1428,44.00,8.94,E5_0
v1430,40.00,4.80,E5_0
v1415,40.00,5.29,E1_0
v1431,39.00,4.62,E5_0
v1416,39.00,3.92,E1_0
v1432,40.00,4.83,E5_0
v1422,73.00,34.21,E3_0
v1421,76.00,37.16,E3_0
v1437,74.00,35.16,E7_0
v1436,77.00,38.17,E7_0
v1424,69.00,30.12,E3_0
v1423,73.00,33.88,E3_0
v1439,70.00,30.93,E7_0
v1438,73.00,34.05,E7_0
v1440,68.00,29.81,E7_0
v1425,68.00,28.97,E3_0
v1417,83.00,48.62,E1_0
v1418,81.00,45.95,E1_0
v1434,80.00,45.31,E5_0
v1433,84.00,48.75,E5_0
v1420,78.00,42.95,E1_0
v1419,81.00,45.90,E1_0
v1456,46.00,11.25,E5_0
v1435,80.00,44.84,E5_0
v1442,44.00,8.80,E1_0
v1441,47.00,12.12,E1_0
v1444,39.00,4.55,E1_0
v1458,42.00,7.18,E5_0
v1457,46.00,10.88,E5_0
v1443,43.00,8.13,E1_0
v1459,41.00,6.06,E5_0
v1460,39.00,4.39,E5_0
v1445,40.00,4.83,E1_0
v1461,39.00,4.73,E5_0
v1446,40.00,5.28,E1_0
v1452,70.00,31.60,E3_0
v1451,74.00,34.98,E3_0
v1467,72.00,33.45,E7_0
v1466,75.00,36.21,E7_0
v1453,69.00,30.73,E3_0
v1454,67.00,27.96,E3_0
v1469,68.00,29.31,E7_0
v1468,71.00,32.67,E7_0
v1455,65.00,26.82,E3_0
v1470,67.00,28.14,E7_0
v1448,80.00,45.24,E1_0
v1447,83.00,48.66,E1_0
v1450,76.00,41.49,E1_0
v1463,82.00,46.79,E5_0
v1462,85.00,50.02,E5_0
v1449,80.00,44.95,E1_0
v1465,77.00,42.55,E5_0
v1472,41.00,6.40,E1_0
v1464,81.00,45.84,E5_0
v1471,45.00,9.90,E1_0
v1487,43.00,8.43,E5_0
v1486,46.00,11.73,E5_0
v1473,40.00,5.72,E1_0
v1488,42.00,7.48,E5_0
v1489,40.00,5.46,E5_0
v1474,40.00,5.17,E1_0
v1490,39.00,4.66,E5_0
v1475,39.00,4.05,E1_0
v1491,40.00,5.47,E5_0
v1482,69.00,30.16,E3_0
v1497,69.00,30.82,E7_0
v1481,72.00,33.43,E3_0
v1496,73.00,33.87,E7_0
v1484,65.00,26.49,E3_0
v1483,68.00,29.50,E3_0
v1499,66.00,27.24,E7_0
v1498,69.00,30.33,E7_0
v1485,64.00,25.40,E3_0
v1500,65.00,26.02,E7_0
v1477,81.00,45.79,E1_0
v1476,84.00,48.80,E1_0
v1493,79.00,44.29,E5_0
v1479,76.00,41.53,E1_0
v1492,82.00,47.44,E5_0
v1478,79.00,44.49,E1_0
v1495,75.00,40.46,E5_0
v1501,42.00,7.24,E1_0
v1494,78.00,43.36,E5_0
v1480,75.00,40.24,E1_0
v1517,41.00,6.37,E5_0
v1516,44.00,9.66,E5_0
v1502,41.00,6.17,E1_0
v1503,39.00,4.10,E1_0
v1518,40.00,5.35,E5_0
v1504,39.00,4.53,E1_0
v1519,40.00,4.92,E5_0
v1520,40.00,4.90,E5_0
v1512,66.00,27.46,E3_0
v1511,69.00,30.60,E3_0
v1527,68.00,29.59,E7_0
v1526,71.00,32.50,E7_0
v1514,63.00,24.28,E3_0
v1513,66.00,26.97,E3_0
v1529,64.00,25.51,E7_0
v1528,67.00,28.48,E7_0
v1515,62.00,23.10,E3_0
v1530,63.00,24.20,E7_0
v1505,84.00,49.46,E1_0
v1506,82.00,47.02,E1_0
v1521,83.00,48.21,E5_0
v1507,80.00,45.20,E1_0
v1522,81.00,45.89,E5_0
v1508,78.00,42.84,E1_0
v1524,76.00,41.69,E5_0
v1523,79.00,44.48,E5_0
v1509,76.00,41.08,E1_0
v1510,74.00,38.77,E1_0
v1546,42.00,7.48,E5_0
v1532,39.00,4.69,E1_0
v1525,75.00,40.41,E5_0
v1531,42.00,6.84,E1_0
v1547,41.00,6.22,E5_0
v1548,40.00,5.07,E5_0
v1533,40.00,4.91,E1_0
v1549,39.00,4.80,E5_0
v1534,39.00,4.40,E1_0
v1541,67.00,28.59,E3_0
v1542,65.00,26.23,E3_0
v1557,66.00,27.15,E7_0
v1556,69.00,30.38,E7_0
v1543,63.00,24.63,E3_0
v1544,61.00,21.94,E3_0
v1559,62.00,23.08,E7_0
v1558,65.00,26.63,E7_0
v1545,59.00,20.38,E3_0
v1560,61.00,22.68,E7_0
v1535,82.00,47.52,E1_0
v1536,80.00,45.22,E1_0
v1551,81.00,46.46,E5_0
v1550,84.00,48.83,E5_0
v1537,79.00,44.40,E1_0
v1538,77.00,42.02,E1_0
v1540,72.00,37.68,E1_0
v1553,77.00,42.51,E5_0
v1552,80.00,45.29,E5_0
v1539,75.00,40.12,E1_0
v1555,73.00,38.49,E5_0
v1554,76.00,41.55,E5_0
v1561,40.00,4.97,E1_0
v1576,42.00,7.43,E5_0
v1562,39.00,4.65,E1_0
v1577,40.00,4.96,E5_0
v1578,39.00,4.62,E5_0
v1563,40.00,4.88,E1_0
v1579,41.00,6.03,E5_0
v1572,62.00,23.50,E3_0
v1571,65.00,26.46,E3_0
v1587,63.00,24.81,E7_0
v1574,58.00,19.84,E3_0
v1586,67.00,27.87,E7_0
v1573,61.00,22.52,E3_0
v1589,59.00,20.75,E7_0
v1588,63.00,24.06,E7_0
v1575,57.00,18.44,E3_0
v1590,59.00,20.10,E7_0
v1602,52.00,13.09,E3_0
v1601,55.00,16.36,E3_0
v1616,56.00,17.81,E7_0
v1617,53.00,14.40,E7_0
v1604,48.00,9.17,E3_0
v1603,51.00,12.19,E3_0
v1618,52.00,13.64,E7_0
v1619,49.00,10.37,E7_0
v1605,47.00,8.03,E3_0
v1620,48.00,9.53,E7_0
v1565,129.00,94.64,E1_0
v1564,133.00,97.82,E1_0
v1580,131.00,96.44,E5_0
v1581,128.00,92.99,E5_0
v1567,125.00,90.64,E1_0
v1566,128.00,93.50,E1_0
v1582,127.00,92.22,E5_0
v1583,124.00,89.35,E5_0
v1568,124.00,89.40,E1_0
v1569,122.00,86.75,E1_0
v1584,123.00,88.23,E5_0
v1585,120.00,85.54,E5_0
v1591,87.00,52.52,E1_0
v1570,120.00,85.09,E1_0
v1606,89.00,53.99,E5_0
v1607,86.00,51.41,E5_0
v1593,83.00,48.42,E1_0
v1592,86.00,50.92,E1_0
v1594,81.00,46.59,E1_0
v1608,85.00,50.11,E5_0
v1609,82.00,47.26,E5_0
v1595,79.00,44.38,E1_0
v1596,77.00,42.31,E1_0
v1610,81.00,46.01,E5_0
v1611,78.00,42.93,E5_0
v1597,75.00,40.24,E1_0
v1598,73.00,38.24,E1_0
v1612,77.00,41.91,E5_0
v1613,74.00,38.77,E5_0
v1632,49.00,10.66,E3_0
v1647,50.00,11.94,E7_0
v1631,53.00,14.11,E3_0
v1634,45.00,6.56,E3_0
v1646,54.00,15.53,E7_0
v1649,46.00,7.74,E7_0
v1633,49.00,10.40,E3_0
v1635,44.00,5.38,E3_0
v1648,50.00,11.78,E7_0
v1650,45.00,6.58,E7_0
v1599,116.00,80.97,E1_0
v1600,113.00,77.91,E1_0
v1615,114.00,79.38,E5_0
v1622,78.00,43.72,E1_0
v1614,117.00,82.19,E5_0
v1621,82.00,46.77,E1_0
v1637,80.00,45.47,E5_0
v1624,74.00,39.67,E1_0
v1636,83.00,48.37,E5_0
v1623,77.00,42.55,E1_0
v1639,76.00,41.36,E5_0
v1626,70.00,35.59,E1_0
v1638,79.00,44.06,E5_0
v1625,73.00,38.42,E1_0
v1641,72.00,37.14,E5_0
v1628,66.00,31.55,E1_0
v1640,75.00,39.93,E5_0
v1627,69.00,34.30,E1_0
v1643,68.00,32.84,E5_0
v1630,62.00,27.47,E1_0
v1642,71.00,35.82,E5_0
v1629,65.00,30.05,E1_0
v1645,64.00,28.79,E5_0
v1644,67.00,31.90,E5_0
v1662,46.00,7.70,E3_0
v1661,51.00,12.52,E3_0
v1663,45.00,6.48,E3_0
v1677,49.00,10.45,E7_0
v1676,52.00,13.67,E7_0
v1664,44.00,5.20,E3_0
v1679,45.00,6.50,E7_0
v1678,48.00,9.46,E7_0
v1665,43.00,4.63,E3_0
v1680,44.00,5.30,E7_0
v1651,77.00,42.21,E1_0
v1652,75.00,40.29,E1_0
v1667,76.00,40.99,E5_0
v1666,79.00,44.68,E5_0
v1653,73.00,38.04,E1_0
v1654,71.00,36.30,E1_0
v1669,72.00,37.01,E5_0
v1668,75.00,40.59,E5_0
v1655,69.00,34.40,E1_0
v1656,67.00,32.14,E1_0
v1671,68.00,33.41,E5_0
v1657,65.00,30.19,E1_0
v1658,63.00,27.97,E1_0
v1670,72.00,36.88,E5_0
v1660,58.00,23.65,E1_0
v1673,64.00,29.34,E5_0
v1672,67.00,32.53,E5_0
v1659,61.00,26.28,E1_0
v1675,61.00,26.22,E5_0
v1674,64.00,29.02,E5_0
v1692,44.00,5.03,E3_0
v1707,45.00,6.51,E7_0
v1691,48.00,9.25,E3_0
v1706,50.00,11.50,E7_0
v1693,44.00,4.98,E3_0
v1708,44.00,5.59,E7_0
v1709,43.00,4.85,E7_0
v1694,43.00,4.64,E3_0
v1710,44.00,5.15,E7_0
v1695,44.00,5.25,E3_0
v1682,72.00,37.00,E1_0
v1681,75.00,40.20,E1_0
v1684,68.00,33.44,E1_0
v1697,74.00,39.23,E5_0
v1696,77.00,41.82,E5_0
v1683,71.00,36.23,E1_0
v1686,64.00,29.29,E1_0
v1699,70.00,35.37,E5_0
v1698,73.00,38.06,E5_0
v1685,67.00,32.13,E1_0
v1688,60.00,25.39,E1_0
v1701,66.00,31.29,E5_0
v1700,69.00,34.09,E5_0
v1687,63.00,28.19,E1_0
v1690,56.00,21.23,E1_0
v1703,62.00,27.23,E5_0
v1702,65.00,30.28,E5_0
v1689,59.00,24.06,E1_0
v1705,58.00,22.97,E5_0
v1704,61.00,26.02,E5_0
v1721,45.00,6.14,E3_0
v1736,47.00,8.72,E7_0
v1722,44.00,5.19,E3_0
v1737,44.00,5.00,E7_0
v1738,43.00,4.71,E7_0
v1723,43.00,4.80,E3_0
v1739,43.00,4.32,E7_0
v1724,44.00,4.96,E3_0
v1725,43.00,4.63,E3_0
v1740,44.00,5.01,E7_0
v1712,70.00,35.65,E1_0
v1711,74.00,38.76,E1_0
v1727,72.00,37.64,E5_0
v1726,75.00,39.93,E5_0
v1714,67.00,31.82,E1_0
v1713,70.00,34.97,E1_0
v1716,62.00,27.66,E1_0
v1729,68.00,33.56,E5_0
v1728,71.00,36.18,E5_0
v1715,66.00,30.85,E1_0
v1718,58.00,23.59,E1_0
v1731,64.00,29.38,E5_0
v1730,67.00,32.33,E5_0
v1717,61.00,26.68,E1_0
v1720,54.00,19.47,E1_0
v1733,60.00,25.51,E5_0
v1732,63.00,28.48,E5_0
v1719,57.00,22.52,E1_0
v1735,56.00,21.23,E5_0
v1734,59.00,24.24,E5_0
v1751,43.00,4.81,E3_0
v1766,44.00,5.05,E7_0
v1752,43.00,4.82,E3_0
v1767,43.00,4.49,E7_0
v1768,43.00,4.83,E7_0
v1753,44.00,5.08,E3_0
v1769,43.00,4.44,E7_0
v1754,44.00,5.19,E3_0
v1755,43.00,4.62,E3_0
v1770,44.00,5.12,E7_0
v1741,71.00,36.63,E1_0
v1742,69.00,34.01,E1_0
v1757,70.00,34.98,E5_0
v1756,73.00,38.50,E5_0
v1744,65.00,29.89,E1_0
v1743,68.00,32.90,E1_0
v1759,66.00,31.01,E5_0
v1758,69.00,34.28,E5_0
v1746,61.00,25.86,E1_0
v1761,61.00,26.68,E5_0
v1745,64.00,28.82,E1_0
v1748,56.00,21.63,E1_0
v1760,65.00,30.47,E5_0
v1747,59.00,24.64,E1_0
v1763,57.00,22.66,E5_0
v1750,52.00,17.36,E1_0
v1762,61.00,26.23,E5_0
v1749,55.00,20.35,E1_0
v1765,53.00,18.73,E5_0
v1764,57.00,22.00,E5_0
v1781,43.00,4.35,E3_0
v1796,43.00,4.39,E7_0
v1797,43.00,4.55,E7_0
v1782,44.00,5.05,E3_0
v1798,43.00,4.56,E7_0
v1783,44.00,5.40,E3_0
v1799,43.00,4.73,E7_0
v1784,44.00,5.03,E3_0
v1800,43.00,4.60,E7_0
v1785,44.00,5.07,E3_0
